{
  "results": [
    {
      "command": "cpu_air_verifier --in_file=fibonacci_proof.json",
      "mean": 0.14569531006470587,
      "stddev": 0.013185744164390967,
      "median": 0.14439914930000003,
      "user": 0.13732995411764704,
      "system": 0.01208518823529412,
      "min": 0.1291797993,
      "max": 0.17412509930000003,
      "times": [
        0.16741541830000004,
        0.1382361283,
        0.1386863483,
        0.13546257330000003,
        0.13482250930000003,
        0.13170798730000002,
        0.1455837493,
        0.1291797993,
        0.13448984730000002,
        0.15358717430000002,
        0.15411774430000003,
        0.14439914930000003,
        0.15166699030000003,
        0.17412509930000003,
        0.16082254530000004,
        0.14966603830000003,
        0.13285116930000002
      ],
      "exit_codes": [
        0,
        0,
        0,
        0,
        0,
        0,
        0,
        0,
        0,
        0,
        0,
        0,
        0,
        0,
        0,
        0,
        0
      ]
    }
  ]
}
