{
  "results": [
    {
      "command": "cpu_air_verifier --in_file=./data/sha256/1000bytes/proof.json",
      "mean": 0.13361284578666666,
      "stddev": 0.04381115379648652,
      "median": 0.12407993902000002,
      "user": 0.08513166666666665,
      "system": 0.005529153333333334,
      "min": 0.07233351852000001,
      "max": 0.24231643752,
      "times": [
        0.09698833152000001,
        0.12977811052000002,
        0.24231643752,
        0.11835640052000002,
        0.09828237652,
        0.11339367652000001,
        0.10341040952000001,
        0.08270757352000001,
        0.09748072052000001,
        0.15437032752000002,
        0.22650711652000002,
        0.11838176752000001,
        0.15784349152000002,
        0.18248416852000002,
        0.16611169652000002,
        0.09439984952000001,
        0.09816405752000001,
        0.17042432552,
        0.16191575252,
        0.15456050352,
        0.13409576052000002,
        0.10825329052000002,
        0.07233351852000001,
        0.09363685452,
        0.09508237452000001,
        0.13876875452,
        0.22588404452000002,
        0.13883925652,
        0.13204947152000002,
        0.10156495452000001
      ],
      "exit_codes": [
        0,
        0,
        0,
        0,
        0,
        0,
        0,
        0,
        0,
        0,
        0,
        0,
        0,
        0,
        0,
        0,
        0,
        0,
        0,
        0,
        0,
        0,
        0,
        0,
        0,
        0,
        0,
        0,
        0,
        0
      ]
    }
  ]
}
