{
  "results": [
    {
      "command": "cpu_air_prover --out_file=./data/sha256/1000bytes/proof.json --private_input_file=./data/sha256/1000bytes/private_input.json --public_input_file=./data/sha256/1000bytes/public_input.json --prover_config_file=./data/sha256/1000bytes/cpu_air_prover_config.json --parameter_file=./data/sha256/1000bytes/cpu_air_params.json",
      "mean": 80.79682653162,
      "stddev": null,
      "median": 80.79682653162,
      "user": 138.24298281999998,
      "system": 3.6667237399999997,
      "min": 80.79682653162,
      "max": 80.79682653162,
      "times": [
        80.79682653162
      ],
      "exit_codes": [
        0
      ]
    }
  ]
}
