{
  "results": [
    {
      "command": "cpu_air_verifier --in_file=./data/sha256/100bytes/proof.json",
      "mean": 0.13194072636571427,
      "stddev": 0.043948743194810506,
      "median": 0.14635153358000003,
      "user": 0.08417972142857141,
      "system": 0.004301719999999999,
      "min": 0.06434452508,
      "max": 0.19642145008000003,
      "times": [
        0.09234722708000001,
        0.07709336008,
        0.09296300708,
        0.07609189908000001,
        0.14889164808000002,
        0.16032914208000001,
        0.17644759408000002,
        0.18432248008000002,
        0.19642145008000003,
        0.07668729108000001,
        0.17271301308,
        0.17229564308,
        0.16420153808000001,
        0.15779674808000002,
        0.06434452508,
        0.08634661108000001,
        0.08579750608000002,
        0.14436682008,
        0.12466830708000001,
        0.12441557508000001,
        0.14833624708,
        0.11249403708000001,
        0.08154487908000001,
        0.06736193308,
        0.16050060108000003,
        0.17241183108000002,
        0.19311487908000002,
        0.18003454508000002
      ],
      "exit_codes": [
        0,
        0,
        0,
        0,
        0,
        0,
        0,
        0,
        0,
        0,
        0,
        0,
        0,
        0,
        0,
        0,
        0,
        0,
        0,
        0,
        0,
        0,
        0,
        0,
        0,
        0,
        0,
        0
      ]
    }
  ]
}
