{
  "results": [
    {
      "command": "cpu_air_verifier --in_file=./data/sha256/8bytes/proof.json",
      "mean": 0.11291293377096775,
      "stddev": 0.01641613802245527,
      "median": 0.11096696090000001,
      "user": 0.10694412774193551,
      "system": 0.008986433548387096,
      "min": 0.0718006919,
      "max": 0.1455619289,
      "times": [
        0.09300908590000001,
        0.0718006919,
        0.0951268039,
        0.0939019509,
        0.10567987590000001,
        0.0875364639,
        0.1218989589,
        0.1029880269,
        0.11351644390000001,
        0.1269654429,
        0.11042386890000001,
        0.10285054190000001,
        0.1455619289,
        0.14260501790000002,
        0.1141811929,
        0.11088366590000001,
        0.1182054829,
        0.1083186039,
        0.1344590329,
        0.1256995039,
        0.11200885390000001,
        0.10303832190000001,
        0.12467602690000001,
        0.1232973769,
        0.1083057699,
        0.11096696090000001,
        0.10915960190000001,
        0.10075149890000001,
        0.11259591790000001,
        0.13304647890000001,
        0.13684155390000002
      ],
      "exit_codes": [
        0,
        0,
        0,
        0,
        0,
        0,
        0,
        0,
        0,
        0,
        0,
        0,
        0,
        0,
        0,
        0,
        0,
        0,
        0,
        0,
        0,
        0,
        0,
        0,
        0,
        0,
        0,
        0,
        0,
        0,
        0
      ]
    }
  ]
}
