{
  "results": [
    {
      "command": "/root/Release/src/starkware/main/cpu/cpu_air_verifier --in_file=bytes_sha256_proof.json",
      "mean": 0.07224128660851065,
      "stddev": 0.013497640683580406,
      "median": 0.0679690718,
      "user": 0.0696318110638298,
      "system": 0.008199069787234042,
      "min": 0.0606769828,
      "max": 0.1214750948,
      "times": [
        0.0622290418, 0.0719845298, 0.0679690718, 0.06349384379999999,
        0.0632664468, 0.0667642408, 0.0713224138, 0.0761213658,
        0.06239450080000001, 0.06173166280000001, 0.0664043788, 0.0647183408,
        0.0928274838, 0.1197701998, 0.1214750948, 0.0632164858, 0.0627884958,
        0.0667296658, 0.0637419578, 0.0652453248, 0.0747429808, 0.0871933528,
        0.0657429138, 0.0715215248, 0.062356359800000004, 0.0628248328,
        0.0681163558, 0.0711846958, 0.0775458548, 0.09768272979999999,
        0.0703770988, 0.0649578668, 0.0929459758, 0.0830810618, 0.0680580668,
        0.0773815188, 0.06254319879999999, 0.0606769828, 0.0608280148,
        0.07281473079999999, 0.0719683498, 0.0731590438, 0.0772414868,
        0.06413260679999999, 0.0700749648, 0.0659688458, 0.06602450979999999
      ],
      "exit_codes": [
        0, 0, 0, 0, 0, 0, 0, 0, 0, 0, 0, 0, 0, 0, 0, 0, 0, 0, 0, 0, 0, 0, 0, 0,
        0, 0, 0, 0, 0, 0, 0, 0, 0, 0, 0, 0, 0, 0, 0, 0, 0, 0, 0, 0, 0, 0, 0
      ]
    }
  ]
}