{
  "results": [
    {
      "command": "cpu_air_verifier --in_file=./benchmarks/sha/sha256_test_proof.json",
      "mean": 0.08582941732666666,
      "stddev": 0.01191955014744956,
      "median": 0.08450069116,
      "user": 0.07805295222222221,
      "system": 0.01034558222222222,
      "min": 0.06513473316000001,
      "max": 0.10842339216,
      "times": [
        0.08139828616000001,
        0.08919673816000001,
        0.06513473316000001,
        0.10218017516000001,
        0.06653661016000001,
        0.07704901716000001,
        0.09790497516,
        0.07644889116,
        0.09132187916000001,
        0.10842339216,
        0.07755927216000001,
        0.10807247416000001,
        0.08983986116,
        0.08064292916,
        0.10596080716,
        0.09171851316000001,
        0.08875663316000001,
        0.09199683316000001,
        0.09389781316000001,
        0.07757370716,
        0.08147327416000001,
        0.10693285816,
        0.08145356716,
        0.08026023116,
        0.09611902616000001,
        0.09318879516,
        0.06923987316,
        0.07862108016000001,
        0.06548320416,
        0.08487809416000001,
        0.07931812516,
        0.08412328816,
        0.06862984916,
        0.08123982516,
        0.08957356116000001,
        0.08771083016
      ],
      "exit_codes": [
        0,
        0,
        0,
        0,
        0,
        0,
        0,
        0,
        0,
        0,
        0,
        0,
        0,
        0,
        0,
        0,
        0,
        0,
        0,
        0,
        0,
        0,
        0,
        0,
        0,
        0,
        0,
        0,
        0,
        0,
        0,
        0,
        0,
        0,
        0,
        0
      ]
    }
  ]
}
