{
  "results": [
    {
      "command": "cpu_air_verifier --in_file=./benchmarks/sha/sha256_test_proof.json",
      "mean": 0.08271956158916667,
      "stddev": 0.009705365294731894,
      "median": 0.08198379586,
      "user": 0.07411572416666665,
      "system": 0.011401878749999997,
      "min": 0.05872183736000001,
      "max": 0.11417290636,
      "times": [
        0.06083390836000001,
        0.05872183736000001,
        0.09077679936000001,
        0.07587048036,
        0.06873106036,
        0.06958985336,
        0.07860321836,
        0.08207987436,
        0.08962858736,
        0.09661979936,
        0.09584503336,
        0.07997490636,
        0.08272446636,
        0.07776001436,
        0.07942576236,
        0.08630903436,
        0.08713489436,
        0.07880341136,
        0.07834657036,
        0.09700373636,
        0.08640194736,
        0.07759787236,
        0.08379038536,
        0.08413393636,
        0.08803382236,
        0.11417290636,
        0.08783230536,
        0.09752524936,
        0.07966555936,
        0.07721174236,
        0.08132043836,
        0.07138467136,
        0.08909311736,
        0.08366563336,
        0.07380262036,
        0.07310195436,
        0.08188771736,
        0.07921083236,
        0.07650288036,
        0.07882457136,
        0.07484942536,
        0.08593093836,
        0.08809871336,
        0.08132070736,
        0.08429738136,
        0.08847251036,
        0.09197316236,
        0.09565270636
      ],
      "exit_codes": [
        0,
        0,
        0,
        0,
        0,
        0,
        0,
        0,
        0,
        0,
        0,
        0,
        0,
        0,
        0,
        0,
        0,
        0,
        0,
        0,
        0,
        0,
        0,
        0,
        0,
        0,
        0,
        0,
        0,
        0,
        0,
        0,
        0,
        0,
        0,
        0,
        0,
        0,
        0,
        0,
        0,
        0,
        0,
        0,
        0,
        0,
        0,
        0
      ]
    }
  ]
}
