{
  "results": [
    {
      "command": "cpu_air_verifier --in_file=fibonacci_proof.json",
      "mean": 0.14730639172,
      "stddev": 0.011450189038119615,
      "median": 0.14360662242000002,
      "user": 0.13986059999999995,
      "system": 0.012154163999999999,
      "min": 0.13763619242000003,
      "max": 0.18002710942000003,
      "times": [
        0.14317517742000002,
        0.14068809642000002,
        0.14766342142000002,
        0.13770159342000002,
        0.14312164642000003,
        0.13803075742,
        0.14272215142000003,
        0.14494436842000002,
        0.14768245642000002,
        0.14486693342,
        0.14067570342000002,
        0.16819951842000003,
        0.18002710942000003,
        0.16237242742000002,
        0.15971853442000003,
        0.13763619242000003,
        0.13764983642,
        0.14403806742000003,
        0.13888197642000003,
        0.14633186642
      ],
      "exit_codes": [
        0,
        0,
        0,
        0,
        0,
        0,
        0,
        0,
        0,
        0,
        0,
        0,
        0,
        0,
        0,
        0,
        0,
        0,
        0,
        0
      ]
    }
  ]
}
