{
  "results": [
    {
      "command": "cpu_air_verifier --in_file=fibonacci_proof.json",
      "mean": 0.04614892081796611,
      "stddev": 0.004472947055767108,
      "median": 0.04537713614,
      "user": 0.043428953559322026,
      "system": 0.006603931186440675,
      "min": 0.03987126014,
      "max": 0.05908630914000001,
      "times": [
        0.04952936514, 0.046234786140000005, 0.04651806414000001,
        0.052958354140000004, 0.042278784140000004, 0.049579588140000005,
        0.04225475814000001, 0.04434814514, 0.04019999414000001, 0.04357598314,
        0.044944457140000005, 0.043696418140000005, 0.042586628140000006,
        0.046576724140000005, 0.048058970140000004, 0.04862270214000001,
        0.046162901140000004, 0.04957621114000001, 0.04377920314000001,
        0.05477195814000001, 0.040371413140000006, 0.043693033140000004,
        0.040993224140000006, 0.041550494140000005, 0.047865459140000004,
        0.04634772614, 0.043605088140000005, 0.045455823140000004,
        0.044489570140000004, 0.04242219114, 0.043121866140000006,
        0.04291155414000001, 0.040870255140000006, 0.04536158614000001,
        0.04440436014000001, 0.044128675140000004, 0.04633641614,
        0.04674119014000001, 0.051563310140000006, 0.04542106814000001,
        0.04784087414, 0.049279297140000004, 0.05908630914000001,
        0.043590812140000004, 0.04537713614, 0.057353294140000004,
        0.04357113514000001, 0.04345104114000001, 0.04928217314,
        0.050904760140000005, 0.050524842140000005, 0.045565198140000006,
        0.058754370140000005, 0.04212611914000001, 0.053559455140000004,
        0.04093530514, 0.03987126014, 0.046028972140000006, 0.04177567414
      ],
      "exit_codes": [
        0, 0, 0, 0, 0, 0, 0, 0, 0, 0, 0, 0, 0, 0, 0, 0, 0, 0, 0, 0, 0, 0, 0, 0,
        0, 0, 0, 0, 0, 0, 0, 0, 0, 0, 0, 0, 0, 0, 0, 0, 0, 0, 0, 0, 0, 0, 0, 0,
        0, 0, 0, 0, 0, 0, 0, 0, 0, 0, 0
      ]
    }
  ]
}
