{
  "results": [
    {
      "command": "cpu_air_verifier --in_file=fibonacci_proof.json",
      "mean": 0.042910081696756766,
      "stddev": 0.0049969447635567045,
      "median": 0.04166823344000001,
      "user": 0.03912650810810812,
      "system": 0.007468506756756754,
      "min": 0.036488110440000006,
      "max": 0.057652232440000006,
      "times": [
        0.03931630844, 0.03671686844, 0.039920477440000005,
        0.042552468440000005, 0.04094791544, 0.057652232440000006,
        0.041731225440000005, 0.04581765344, 0.03991328344, 0.04035864344,
        0.041482242440000004, 0.038430505440000005, 0.051933628440000004,
        0.03698726244, 0.04160524144, 0.040526928440000005, 0.03940855144,
        0.044703154440000004, 0.047457654440000004, 0.038448620440000005,
        0.03901422544, 0.036488110440000006, 0.04292819044000001,
        0.036898176440000006, 0.042049871440000004, 0.049892559440000005,
        0.043449734440000005, 0.041765951440000004, 0.044205825440000006,
        0.04136172644, 0.04512692444, 0.05697922644, 0.04293294944000001,
        0.04542127344000001, 0.05444239144, 0.03866231844, 0.039552290440000006,
        0.044504632440000004, 0.039061282440000004, 0.037908912440000005,
        0.047927541440000006, 0.050409884440000004, 0.039196616440000005,
        0.03725280744, 0.03749078344, 0.037841005440000006, 0.05069620944,
        0.04158048444, 0.040589035440000004, 0.04073039844,
        0.043277302440000005, 0.03814039444, 0.038922585440000004,
        0.04181306944, 0.04623289844, 0.042925545440000004,
        0.045880781440000004, 0.04505054244, 0.05142040044000001,
        0.046299733440000004, 0.040184450440000005, 0.03801099244,
        0.03967197344, 0.038631782440000005, 0.04748035744,
        0.038471240440000005, 0.048821450440000004, 0.03915380544,
        0.042556235440000006, 0.042926478440000006, 0.04374798044,
        0.04725051744, 0.05602919244000001, 0.040174130440000004
      ],
      "exit_codes": [
        0, 0, 0, 0, 0, 0, 0, 0, 0, 0, 0, 0, 0, 0, 0, 0, 0, 0, 0, 0, 0, 0, 0, 0,
        0, 0, 0, 0, 0, 0, 0, 0, 0, 0, 0, 0, 0, 0, 0, 0, 0, 0, 0, 0, 0, 0, 0, 0,
        0, 0, 0, 0, 0, 0, 0, 0, 0, 0, 0, 0, 0, 0, 0, 0, 0, 0, 0, 0, 0, 0, 0, 0,
        0, 0
      ]
    }
  ]
}
