{
  "results": [
    {
      "command": "/root/Release/src/starkware/main/cpu/cpu_air_verifier --in_file=bytes_sha256_proof.json",
      "mean": 0.0679260166711111,
      "stddev": 0.005694397778094763,
      "median": 0.06613002656,
      "user": 0.06331488888888888,
      "system": 0.007144327111111109,
      "min": 0.06002769756,
      "max": 0.08289366356000001,
      "times": [
        0.06525617056,
        0.07916234956000001,
        0.06995978956,
        0.06987849856,
        0.06982196356,
        0.06712729756000001,
        0.06562837056000001,
        0.07021764956000001,
        0.06374863056,
        0.07821625256,
        0.06219493256,
        0.06359542556,
        0.06523129556,
        0.08289366356000001,
        0.06425685556,
        0.07092055656,
        0.06365113856,
        0.06304090456,
        0.06520606756000001,
        0.06611904456,
        0.08164510256,
        0.06870643256,
        0.06800533056000001,
        0.06613002656,
        0.06586735756,
        0.06474135656,
        0.06388938256,
        0.06872608056,
        0.07668576956,
        0.06376837756,
        0.061347659560000004,
        0.06615571456000001,
        0.06739641956,
        0.07725717056,
        0.06241664656000001,
        0.07678374156000001,
        0.07236411056,
        0.06881652756000001,
        0.060449912560000006,
        0.062219941560000006,
        0.06002769756,
        0.06282239156000001,
        0.06875889256,
        0.07172590456000001,
        0.06383594556000001
      ],
      "exit_codes": [
        0,
        0,
        0,
        0,
        0,
        0,
        0,
        0,
        0,
        0,
        0,
        0,
        0,
        0,
        0,
        0,
        0,
        0,
        0,
        0,
        0,
        0,
        0,
        0,
        0,
        0,
        0,
        0,
        0,
        0,
        0,
        0,
        0,
        0,
        0,
        0,
        0,
        0,
        0,
        0,
        0,
        0,
        0,
        0,
        0
      ]
    }
  ]
}
