{
  "results": [
    {
      "command": "cpu_air_verifier --in_file=/root/development/uZumaKi/stone_stark/benchmarks/sha-cairo/working-dir/sha256_test_proof.json",
      "mean": 0.07704316453675676,
      "stddev": 0.010626387303025347,
      "median": 0.07752806478,
      "user": 0.07044260432432431,
      "system": 0.01007385945945946,
      "min": 0.05790350578,
      "max": 0.11340326678000001,
      "times": [
        0.07890965178,
        0.06116554178,
        0.06444222378,
        0.07477493878000001,
        0.062108639779999995,
        0.07610122178,
        0.06397802778,
        0.06357545578000001,
        0.06928586878000001,
        0.07204935378,
        0.05790350578,
        0.07708276378000001,
        0.05897579678,
        0.08492512278000001,
        0.07707822478000001,
        0.08081289278,
        0.08006760178000001,
        0.09297154178000001,
        0.08884199978000001,
        0.08426261678000001,
        0.08806440878,
        0.11340326678000001,
        0.08939376878000001,
        0.07959596178000002,
        0.08054379978000001,
        0.07787317878000001,
        0.07292792278000002,
        0.07371882878000001,
        0.08607004778,
        0.07346219878000002,
        0.07770403278000002,
        0.07985233078000001,
        0.07752806478,
        0.07559854378000001,
        0.07976300478000001,
        0.07928862878000001,
        0.07649610878
      ],
      "exit_codes": [
        0,
        0,
        0,
        0,
        0,
        0,
        0,
        0,
        0,
        0,
        0,
        0,
        0,
        0,
        0,
        0,
        0,
        0,
        0,
        0,
        0,
        0,
        0,
        0,
        0,
        0,
        0,
        0,
        0,
        0,
        0,
        0,
        0,
        0,
        0,
        0,
        0
      ]
    }
  ]
}
